soldtoparty,Nama Agen,Sales Area,Wilayah Penyaluran
888287,PT CITKA HOE SABEE,Aceh,Kab. Aceh Besar
888296,PT GOOD GAS QWAN,Aceh,Kab. Aceh Besar
888283,PT KANA MINYEUK TANOH,Aceh,Kab. Aceh Besar
755750,PT MINYEUK MYCO YULIATI YACOB,Aceh,Kab. Aceh Besar
733599,PT MINYEUK GAH,Aceh,Kab. Aceh Besar
976930,PT ABASSY TERAN ABADI,Aceh,Kab. Aceh Besar
989218,PT SINAR PUSAKA,Aceh,Kab. Aceh Besar
1020013,PT ENERGI SENTOSA ACEH,Aceh,Kab. Aceh Besar
1027158,PT SINAR MATAMA PERKASA,Aceh,Kab. Aceh Besar
1069923,PT RUSEP ANTARA PERTAMINA,Aceh,Kab. Aceh Besar
1071113,PT ENERGI PUSAKA ALAM,Aceh,Kab. Aceh Besar
735710,PT ALAM JAYA SEUJAHTERA,Aceh,Kab. Aceh Jaya
1070526,PT KUALA RIGAH CALANG,Aceh,Kab. Aceh Jaya
907213,PT BERKAT MITRA PERTAMINA,Aceh,Kab. Pidie
821686,PT INDUNG  TULOT ENERGY,Aceh,Kab. Pidie
741169,PT KUALA TARI INDAH,Aceh,Kab. Pidie
888294,PT MUHAMMAD NOER NIKMAT,Aceh,Kab. Pidie
862581,PT PETRO PUTRA UTAMA,Aceh,Kab. Pidie
733380,PT RASEUKI BERKAT NA MINYEUK TANOH,Aceh,Kab. Pidie
861007,PT BERKAT MITRA MULIA,Aceh,Kab. Pidie
1070591,PT BRAGAS GLOBAL ENERGY,Aceh,Kab. Pidie
731917,PT ALAM JAYA TABINA,Aceh,Kab. Pidie Jaya
741170,PT PETRO MA'AR GLOBAL,Aceh,Kab. Pidie Jaya
822995,PT RAHMAT NA GAH,Aceh,Kab. Pidie Jaya
730798,KOPERASI PUSKOPAD ISKANDAR MUDA TNI,Aceh,Kota Banda Aceh
852162,PT AMALIA YUSRI,Aceh,Kota Banda Aceh
735709,PT MITRA ALAM JAYA,Aceh,Kota Banda Aceh
980215,PT BIYUKA RAYA SEJAHTERA,Aceh,Kota Banda Aceh
989189,PT OVAL KONSTRUKSI ABADI,Aceh,Kota Banda Aceh
866296,PT GAS ANEUK MEUGAH SABANG,Aceh,Kota Sabang
888536,PT CITKA MEUGAH KOETA RADJA,Aceh,Kab. Aceh Barat
888276,PT JAK SABEE GAH,Aceh,Kab. Aceh Barat
741165,PT KUALA MEUREUBO,Aceh,Kab. Aceh Barat
851751,PT SOKIRANA,Aceh,Kab. Aceh Barat
996113,PT MEGAH ABADI PADANTYA,Aceh,Kab. Aceh Barat
1019717,PT LEUPUNG MEULABOH BERSAUDARA,Aceh,Kab. Aceh Barat
888280,PT GAH LHEE KILO,Aceh,Kab. Aceh Barat Daya
888275,PT SURIA MEUKAT GAH,Aceh,Kab. Aceh Barat Daya
945458,PT UJUNG RAJA KUALA BATU,Aceh,Kab. Aceh Barat Daya
829958,PT HAJI MUHAMMAD ISKANDAR NOERNIKMAT,Aceh,Kab. Aceh Selatan
901716,PT KUTA NAGA GAS,Aceh,Kab. Aceh Selatan
996106,PT DAYA UTAMA DANAPATI,Aceh,Kab. Aceh Selatan
740832,PT KUALA LIGAN,Aceh,Kab. Nagan Raya
888277,PT PUTROE MANDIRI GAH,Aceh,Kab. Nagan Raya
1023398,PT DEWI LAUTAN REZEKI,Aceh,Kab. Singkil
1024099,PT SAMUDRA ENERGI GEMILANG,Aceh,Kab. Singkil
888295,PT RIZQI BERSAUDARA GAS,Aceh,Kab. Singkil
1080203,PT RIZQI RIADI ANUGRAH GAS,Aceh,Kota Subulussalam
851939,PT LAUT TAWAR BEUNA GAS,Aceh,Kota Subulussalam
1033417,PT FIRDAUS SURYA LOT GAS,Aceh,Kota Subulussalam
797550,PT MONA CAHAYA BUNDA,Aceh,Kab. Aceh Tamiang
741168,PT MORA GAH,Aceh,Kab. Aceh Tamiang
741159,PT RAYTA,Aceh,Kab. Aceh Tamiang
1016252,PT BERKAH DIDIPUTRARINAYA GEMILANG,Aceh,Kab. Aceh Tamiang
1023401,PT GASINDO TAMIANG ABADI,Aceh,Kab. Aceh Tamiang
741635,PT CUGA,Aceh,Kab. Aceh Timur
888289,PT GAPURA PUTRA PERKASA,Aceh,Kab. Aceh Timur
741160,PT HARAPAN MINYAK TANAH,Aceh,Kab. Aceh Timur
818575,PT PERJUANGAN PANTEE BIDARI,Aceh,Kab. Aceh Timur
1017406,PT MITRA ENERGI MEULIGOU,Aceh,Kab. Aceh Timur
1027161,PT BIN AZMAN FAMILINDO,Aceh,Kab. Aceh Timur
1078361,PT OCEAN SAMUDRA ENERGI,Aceh,Kab. Aceh Timur
737657,PT AMALIA ZAHWA,Aceh,Kab. Aceh Utara
732868,PT ASAI MULA PERDATASA,Aceh,Kab. Aceh Utara
888286,PT INDOTAMA ACEH PERKASA,Aceh,Kab. Aceh Utara
888293,PT NA NUR RASEUKI,Aceh,Kab. Aceh Utara
888282,PT PIJAY SEMESTA ENERGY,Aceh,Kab. Aceh Utara
828682,PT RAJA HATI,Aceh,Kab. Aceh Utara
888291,PT SRI DIRGAHAYU WETAN,Aceh,Kab. Aceh Utara
1023395,PT BERKAT ELPIJI PERTAMINA,Aceh,Kab. Aceh Utara
1033441,PT MALAKA ENERGI PERKASA,Aceh,Kab. Aceh Utara
888292,PT ABADI GAH ATAKANA,Aceh,Kab. Bireuen
888281,PT BASE PETRO INTERNUSA,Aceh,Kab. Bireuen
741155,PT DUNIA KATALIS,Aceh,Kab. Bireuen
888284,PT FARAMIGA SINDO ENERGY,Aceh,Kab. Bireuen
815516,PT INTI SUMBER REJEKI,Aceh,Kab. Bireuen
812460,PT PEMVAD KHARISMA,Aceh,Kab. Bireuen
996599,PT MITRA ENERGI COMPENI,Aceh,Kab. Bireuen
1023418,PT SOFIA FAIRUS MANDIRI,Aceh,Kab. Bireuen
733518,PT HARAPAN MANDIRI PRIMA,Aceh,Kota Langsa
878106,PT KENCANA JAYA ABADI LANGSA,Aceh,Kota Langsa
806826,PT LANGSA HARAPAN,Aceh,Kota Langsa
741163,PT KANEUBI RAHMAT RASEUKI,Aceh,Kota Lhokseumawe
733607,PT MYCO YUDZUANA,Aceh,Kota Lhokseumawe
888290,PT PRIMA GAS ATJEH,Aceh,Kota Lhokseumawe
807548,PT MUHAMMAD DJAMIL IDRIS,Aceh,Kab. Aceh Tengah
888285,PT SADAARIHTA PUTRA PERKASA,Aceh,Kab. Aceh Tengah
929073,PT SUMBER CAHAYA BIRU,Aceh,Kab. Aceh Tengah
1023406,PT GAYO MITRA ENERGI,Aceh,Kab. Aceh Tengah
804352,PT GASTA MULYO,Aceh,Kab. Aceh Tenggara
733192,PT MINANDA DESKY JAYA,Aceh,Kab. Aceh Tenggara
967063,PT RADJA SEMADAM PERKASA,Aceh,Kab. Aceh Tenggara
978311,PT WARY DESKY AND BROTHERS,Aceh,Kab. Aceh Tenggara
996110,PT GELEGAR JANITA TARAKA,Aceh,Kab. Aceh Tenggara
862583,PT BENER BERSAUDARA,Aceh,Kab. Bener Meriah
741154,PT ZULKARNAIN JAMIL,Aceh,Kab. Bener Meriah
945585,PT BLIGAT JAYA BERSAMA,Aceh,Kab. Bener Meriah
963823,PT MERIAH CAHAYA ABADI,Aceh,Kab. Bener Meriah
996093,PT CAHAYA MANDASARI UTAMA,Aceh,Kab. Bener Meriah
888278,PT ENERGI GAS RUDI NIJAYA,Aceh,Kab. Gayo Luwes
888279,PT GAS WAHYU MULYO,Aceh,Kab. Gayo Luwes
996120,PT SADINA PURNAKARYA ABADI,Aceh,Kab. Gayo Luwes
896298,PT ROYAL DELI SUMATERA,Medan,Kota Medan
811749,PT IRIT GAS ,Medan,Kota Medan
941125,KOPERASI PURNA KARYA PERTAMINA,Medan,Kota Medan
730751,"PUSAT KOPERASI KARTIKA ""A"" BUKIT BARISAN",Medan,Kota Medan
731008,PUSKOPAL ARMABAR TNI-AL,Medan,Kota Medan
808912,PT MANDIRI UTAMA BERSAMA ,Medan,Kota Medan
811549,PT BENING INDAH JAYA ,Medan,Kota Medan
889259,PT SUMBER MENTARI LESTARI,Medan,Kota Medan
816861,PT SUMBER PELITA LESTARI,Medan,Kota Medan
819594,PT MAHA GREEN,Medan,Kota Medan
819599,PT RAJA GASINDO UTAMA,Medan,Kota Medan
812771,PT SUNGAI PAGU UTAMA ,Medan,Kota Medan
829463,PT LUBER TOBA PAINDOAN,Medan,Kota Medan
812751,PT TASYA GASINDO ,Medan,Kota Medan
812774,PT DELI TUNAS SEMESTA ,Medan,Kota Medan
808951,PT SINAR SURYA BARU ,Medan,Kota Medan
889545,PT HASIL GUNA ENERGI,Medan,Kota Medan
810614,PT RAZA NAZA PERINTIS,Medan,Kota Medan
731035,G K P RI SUMUT,Medan,Kota Medan
890465,PT GUNUNG AMAN SUBUR,Medan,Kota Medan
890017,PT KHANDA DHINDA AULIA,Medan,Kota Medan
820769,PT LUCIA MUTIARA,Medan,Kota Medan
829465,PT PINANG BARIS LANGIT BIRU,Medan,Kota Medan
803379,PT TIGA SINAR MAS,Medan,Kota Medan
820757,PT BINA BUMI HIJAU NUSANTARA,Medan,Kota Medan
811546,PT KHANSA GASINDO LESTARI ,Medan,Kota Medan
890018,PT MARI GAS ABADI SEJAHTERA,Medan,Kota Medan
888462,PT ZARA NUGRAHA INSANI,Medan,Kota Medan
811474,PT MITRA SUMBER LESTARI ,Medan,Kota Medan
731950,KOPERASI PENCA KURNIA,Medan,Kota Medan
812738,PT HASIANI,Medan,Kota Medan
740841,PT TEGUH ARTHA JAYA,Medan,Kota Medan
808945,PT LANGIT BIRU MANDIRI ,Medan,Kota Medan
829468,PT SINONDANG BULAN,Medan,Kota Medan
889905,PT PERDANA KARYA MAKMUR MANDIRI,Medan,Kota Medan
793600,PT RESTU INANTA ,Medan,Kota Medan
819590,PT ARAFIZZA SIKUMBANG,Medan,Kota Medan
828030,PT HUSNA GASINDO ABADI,Medan,Kota Medan
828052,PT ZURAIDAH GASINDO ABADI,Medan,Kota Medan
888585,PT PULAU BANGKA JAYA GEMILANG,Medan,Kota Medan
890467,PT SINERGI DAYAMAJU SAMPURNA,Medan,Kota Medan
888574,PT PRIMA DUTA BERJAYA ABADI,Medan,Kota Medan
810488,PT SADAYU PUTRA MANDIRI,Medan,Kota Medan
888582,PT DEYFAN PERTAMA MANDIRI,Medan,Kota Medan
913694,PT RADE PUTRA UTAMA,Medan,Kota Medan
913693,PT GERBANG INDOMIGAS PRATAMA,Medan,Kota Medan
961473,PT BILQIS HAGYA SOPHIA,Medan,Kota Medan
985708,PT SUMATERA MELAYU ENERGI,Medan,Kota Medan
1016871,PT ABADI SEMPURNA GASINDO,Medan,Kota Medan
1024215,PT CAHAYA MENTARI BUMI PERKASA,Medan,Kota Medan
1024783,PT ISKANDAR GASINDO LESTARI,Medan,Kota Medan
1070181,PT MEDAN SETIA ENERGI,Medan,Kota Medan
1075585,PT SUMATRA PUTRA SUKSES JAYA MAKMUR,Medan,Kota Medan
866781,PT BAHMA PUTRA MANDIRI SEJAHTERA,Medan,Kota Binjai
888467,PT ELITE GASINDO PRATAMA,Medan,Kota Binjai
888466,PT MEGA ABADI GASINDO,Medan,Kota Binjai
811477,PT SAMYU BUMI PERSADA ,Medan,Kota Binjai
933816,PT TANAH TINGGI BINJAI,Medan,Kota Binjai
947320,PT ARKAYA ANUGERAH GAS,Medan,Kota Binjai
1070179,PT BINJAI SETIA ENERGI,Medan,Kota Binjai
789484,PT MUJUR PRIMA USAHA,Medan,Kab. Langkat
810741,PT REZEKI KENCANA ABADI ,Medan,Kab. Langkat
823956,PT RIDHA CIPTA MANDIRI,Medan,Kab. Langkat
733485,PT PUTRA MYCO KENCANA ,Medan,Kab. Langkat
808952,PT HAJI AHMAD SOFYAN RAHIM GASINDO,Medan,Kab. Langkat
733487,PT KARYA MANDIRI PRIMA,Medan,Kab. Langkat
819953,PT TELAGA ADIL,Medan,Kab. Langkat
810714,PT BOY BAGUS WINDI,Medan,Kab. Langkat
816859,PT NURCAHAYA LANGKAT,Medan,Kab. Langkat
813222,PT SAMYU BUMI PERTIWI,Medan,Kab. Langkat
888468,PT GAS ANDALAN SEJAGAT,Medan,Kab. Langkat
815020,PT SINAR LANGKAT LESTARI,Medan,Kab. Langkat
888465,PT SARWAGUNA INTI SEDAYU,Medan,Kab. Langkat
888559,PT BERKAT MAKMUR LANGKAT SEJAHTERA,Medan,Kab. Langkat
888469,PT ENERGY PRIMA LESTARI,Medan,Kab. Langkat
912005,PT LANGKAT JAYA SIMALEM,Medan,Kab. Langkat
929209,PT SINAR PETRO TRIGA UTAMA,Medan,Kab. Langkat
942662,PT EFESPEPEBE ENERGI NUSANTARA,Medan,Kab. Langkat
949316,PT MUJUR JAYA ELPIJI,Medan,Kab. Langkat
987629,PT AMANAH MITRA LANGKAT,Medan,Kab. Langkat
995714,PT MULIA ENERGI MANDIRI,Medan,Kab. Langkat
995355,PT PARSITUM JAYA RAYA,Medan,Kab. Langkat
1009856,PT NAMORA BASA GASINDO,Medan,Kab. Langkat
1071111,PT BUMI GASINDO PERKASA,Medan,Kab. Langkat
897235,PT ERBA JAYA GASINDO,Medan,Kab. Deli Serdang
888581,PT EKA SURYA GASSINDO,Medan,Kab. Deli Serdang
937435,PT AAN REZKY GASINDO,Medan,Kab. Deli Serdang
889278,PT KORAN KARO-KARO SURBAKTI,Medan,Kab. Deli Serdang
889275,PT PADMA ADITYA SEMESTA,Medan,Kab. Deli Serdang
810727,PT SAMYU BUMI PERKASA,Medan,Kab. Deli Serdang
888637,PT ZAHARA JAYA MULIA,Medan,Kab. Deli Serdang
810736,PT CITRA SAMUDERA GASINDO,Medan,Kab. Deli Serdang
889248,PT FAISYAL TERUS JAYA,Medan,Kab. Deli Serdang
811704,PT ANGGITTA,Medan,Kab. Deli Serdang
810752,PT MAYRINS,Medan,Kab. Deli Serdang
740842,PT FITRI JAYA,Medan,Kab. Deli Serdang
810749,PT SANAK MALELA JAYA,Medan,Kab. Deli Serdang
799780,PT DIMAS GASINDO,Medan,Kab. Deli Serdang
942046,PT ENERGI CAHAYA GASINDO,Medan,Kab. Deli Serdang
808941,PT ABADI BERSAMA,Medan,Kab. Deli Serdang
828040,PT RAJA ABADI WIJAYA,Medan,Kab. Deli Serdang
813237,PT DWIDARMA GASINDO SUKSES,Medan,Kab. Deli Serdang
809738,PT BETTEH GINTING,Medan,Kab. Deli Serdang
808921,PT SUKACITA DAMAI SEJAHTERA ,Medan,Kab. Deli Serdang
813234,PT USAHA MULIA SEJAHTERA,Medan,Kab. Deli Serdang
942676,PT DWI MAJU SEJALAN,Medan,Kab. Deli Serdang
903035,PT CITA ALFA SASMITA,Medan,Kab. Deli Serdang
740844,PT JAYA SARI ARTHA ,Medan,Kab. Deli Serdang
810611,PT DERMAWAN ELPIGI,Medan,Kab. Deli Serdang
888562,PT BERKAT MAKMUR DELI SERDANG,Medan,Kab. Deli Serdang
811747,PT PUTRA DELI GAS ,Medan,Kab. Deli Serdang
813224,PT SURYA SERDANG,Medan,Kab. Deli Serdang
1080477,PT DIRGANTARA ABADI JAYA,Medan,Kab. Deli Serdang
822374,PT SAMA MULIA,Medan,Kab. Deli Serdang
811551,PT HARITA JAYA GASINDO ,Medan,Kab. Deli Serdang
888418,PT SINTORA PUTRA GASINDO,Medan,Kab. Deli Serdang
811932,PT KELUARGA MANDIRI WISESA ,Medan,Kab. Deli Serdang
888580,PT MARI GAS PRIMA,Medan,Kab. Deli Serdang
823000,PT ANUGRAH SUMBER UTAMI,Medan,Kab. Deli Serdang
815663,PT HARIMUBAIQ,Medan,Kab. Deli Serdang
889904,PT DELI MINA SIMSON,Medan,Kab. Deli Serdang
923308,PUSKOPPOLDASU,Medan,Kab. Deli Serdang
860594,PT BUMI SEJAHTERA LESTARINDO,Medan,Kab. Deli Serdang
861186,PT KARYA SAMUDRAMAS,Medan,Kab. Deli Serdang
889546,PT SEJAHTERA ANUGRAH WISESA,Medan,Kab. Deli Serdang
871822,PT BERKAH PERSADA,Medan,Kab. Deli Serdang
916403,PT YOBEL MORA MARANATHA,Medan,Kab. Deli Serdang
940646,PT INDO SADA PINOPPAR,Medan,Kab. Deli Serdang
947863,PT RIZKY USAHA GASINDO,Medan,Kab. Deli Serdang
951372,PT KUDA MAS SENTOSA,Medan,Kab. Deli Serdang
953524,PT REGAR ANUGERAH SEJAHTERA,Medan,Kab. Deli Serdang
966108,PT MULTI SARANA PANDAWA SAKTI,Medan,Kab. Deli Serdang
977890,PT HARAPAN INDAH WIGUNA,Medan,Kab. Deli Serdang
995622,PT DELI MAJU ENERGI PERSADA,Medan,Kab. Deli Serdang
1016923,PT INTAN ARTHA GASINDO,Medan,Kab. Deli Serdang
1024222,PT AMANAH MITRA DAIRI,Medan,Kab. Deli Serdang
1024792,PT MAJU ISKANDAR JAYA,Medan,Kab. Deli Serdang
1070186,PT DELI SETIA ENERGI ,Medan,Kab. Deli Serdang
1070525,PT DELI GASINDO PERKASA,Medan,Kab. Deli Serdang
1070546,PT KARYA WALSUM SEJAHTERA,Medan,Kab. Deli Serdang
1070231,PT TYLI PRIMA GAS,Medan,Kab. Deli Serdang
965835,PT. AFIFFAH MECCA GAS,Medan,Kab. Deli Serdang
732047,PT. DIRGANTARA DELI TRANS,Medan,Kab. Deli Serdang
753421,PT HARITSAH ,Medan,Kab. Serdang Bedagai
740843,PT RAMLI JAYA ,Medan,Kab. Serdang Bedagai
808943,PT SURYA SEJATI MIGASINDO ,Medan,Kab. Serdang Bedagai
811550,PT PUTRA BEDAGAI GAS ,Medan,Kab. Serdang Bedagai
888621,PT PUTRA BAKTI MIGASINDO,Medan,Kab. Serdang Bedagai
803772,PT JAYA SERGAI ,Medan,Kab. Serdang Bedagai
813226,PT CITRA GASINDO PERKASA,Medan,Kab. Serdang Bedagai
888640,PT SUMBER GAS EKAJAYA,Medan,Kab. Serdang Bedagai
888463,PT BEDAGAI MINA GAS,Medan,Kab. Serdang Bedagai
890474,PT ENDONUSA JAVA MANDIRI,Medan,Kab. Serdang Bedagai
934420,PT SERGAI GASINDO PRATAMA,Medan,Kab. Serdang Bedagai
956630,PT LAUTAN GAS MAKMUR,Medan,Kab. Serdang Bedagai
967793,PT ENERGI PATRA RAHARJA,Medan,Kab. Serdang Bedagai
1015768,PT ARTHA MANDIRI SEMPURNA,Medan,Kab. Serdang Bedagai
995309,PT SUMATERA UTAMA ENERGI,Medan,Kab. Serdang Bedagai
1070183,PT SERGAI SETIA ENERGI ,Medan,Kab. Serdang Bedagai
1071112,PT AGUNG DEBORA MARIA SOPAR,Medan,Kab. Serdang Bedagai
888587,PT MARULI EKO GASINDO,Medan,Kota Tebing Tinggi
804732,PT DEJA SENTOSA,Medan,Kota Tebing Tinggi
940651,PT ADIRAS SENTRA PERKASA,Medan,Kota Tebing Tinggi
1015761,PT ARTHA MANDIRI GASINDO,Medan,Kota Tebing Tinggi
1028037,PT TUNAS MAS SEJAHTERA,Medan,Kota Tebing Tinggi
1070174,PT TEBING TINGGI SETIA ENERGI,Medan,Kota Tebing Tinggi
888428,PT RAJAWALI CITRA MULIA,Medan,Kab. Karo
888460,PT SINAR MAS SUYENTO,Medan,Kab. Karo
888459,PT SURYA MAS SUMIATY,Medan,Kab. Karo
811547,PT PETRO MULIA PRATAMA ,Medan,Kab. Karo
940592,PT RASITA PUTRI TUNGGAL MULIA,Medan,Kab. Karo
888577,PT NUR MALEM ABADI,Medan,Kab. Karo
889255,PT ROTUA JAYA ABADI,Medan,Kab. Karo
874358,PT KARO JAYA SIMALEM,Medan,Kab. Karo
883424,PT MAROTRA CUMANTA PUTRI,Medan,Kab. Karo
939303,PT SIMALIR SINGALOR LAUTAN,Medan,Kab. Karo
985905,PT METROPOLITAN SERVIS ENERGI,Medan,Kab. Karo
964702,PT BAKA ENERGI SENTOSA,Medan,Kab. Karo
896292,PT SIMALUNGUN JAYA SIMALEM,Medan,Kab. Simalungun
888635,PT SIRAIT USAHA KELUARGA,Medan,Kab. Simalungun
732789,PT BLESSCHERRY CAHAYA KHARISMA,Medan,Kab. Simalungun
888373,PT TAMBAK REJEKI GEMILANG,Medan,Kab. Simalungun
811545,PT GRIYA ANUGRAH SEMESTA ,Medan,Kab. Simalungun
811555,PT GASINDO AMAN SENTOSA ,Medan,Kab. Simalungun
888531,PT AL KAUSAR MANDIRI JAYA,Medan,Kab. Simalungun
888575,PT RESTU RESTI,Medan,Kab. Simalungun
888632,PT PAGINDO SAMOSIR BERKAT,Medan,Kab. Simalungun
810181,PT PUTRA MIGAS NASIONAL,Medan,Kab. Simalungun
888578,PT JAYA MINA SIMSON,Medan,Kab. Simalungun
872224,PT TIAR ULI GASINDO,Medan,Kab. Simalungun
884121,PT JOSAM PARADE,Medan,Kab. Simalungun
936816,PT PUTERA SETIA ENERGI,Medan,Kab. Simalungun
945566,PT BERKAT SINARI MEGA,Medan,Kab. Simalungun
952264,PT GUNAWAN SINDO ABADI MAKMUR,Medan,Kab. Simalungun
953542,PT RAJA PUNGGA MARSADA,Medan,Kab. Simalungun
985738,PT SIMALUNGUN ENERGI MANDIRI,Medan,Kab. Simalungun
995777,PT BANGUN SETIA PERSADA,Medan,Kab. Simalungun
1006887,PT INDRA GASINDO PERKASA,Medan,Kab. Simalungun
1027151,PT SEMPURNA JAYA MAKMUR  MANDIRI ABADI,Medan,Kab. Simalungun
888464,PT SUMBER MINA SIMSON,Medan,Kota Pematang Siantar
888576,PT MITHA ARTHA KELUARGA,Medan,Kota Pematang Siantar
888588,PT MULTAZAM NIAGA JAYA,Medan,Kota Pematang Siantar
811548,PT GLOBAL ALAM SEMPURNA ,Medan,Kota Pematang Siantar
811542,PT GATRA ANDALAS SEJATI ,Medan,Kota Pematang Siantar
851944,PT KAIROS ARTA PININDO,Medan,Kota Pematang Siantar
890887,PT CHANDRA SUKSES JAYA MANDIRI,Medan,Kota Pematang Siantar
995632,PT SIANTAR SETIA ENERGI,Medan,Kota Pematang Siantar
888579,PT TIURMAIDA GASINDO JUMPAULI,Medan,Kab. Dairi
871759,PT KAYLA ELNINO GASINDO,Medan,Kab. Dairi
809767,PT MAHOLIMO KAROSINE GASINDO,Medan,Kab. Dairi
847038,PT ARKE MITRA GASINDO,Medan,Kab. Dairi
889290,PT SADA GAS ARIHTA,Medan,Kab. Dairi
985744,PT NINKO DAIRI JAYA,Medan,Kab. Dairi
984502,PT PASADA PUTRA DAIRI,Medan,Kab. Dairi
995628,PT GELOMBANG ENERGI MANDIRI,Medan,Kab. Dairi
812566,PT MESTIKA KUDA LAUT,Medan,Kab. Asahan
888473,PT PUTRA PALUTA ASAHAN            ,Medan,Kab. Asahan
812564,PT BERDIKARI NIAGA ANUGRAH,Medan,Kab. Asahan
822424,PT SUMATERA MUARA MEGA GAS,Medan,Kab. Asahan
888483,PT MITRA ASAHAN SELALU JAYA       ,Medan,Kab. Asahan
888471,PT SERENA ANUGRAH BERJAYA         ,Medan,Kab. Asahan
847902,PT ANUGERAH TERUS JAYA,Medan,Kab. Asahan
819456,PT SUMBER BERLIAN LESTARI,Medan,Kab. Asahan
888475,PT CAHAYA BILQISTHI ABADI,Medan,Kab. Asahan
809777,PT CAHAYA INSANI GAS,Medan,Kab. Asahan
916361,PT KURNIA USAHA BERSAMA,Medan,Kab. Asahan
945580,PT ASAHAN MAJU BERSAMA,Medan,Kab. Asahan
966625,PT BERKAH GASINDO LESTARI,Medan,Kab. Asahan
1014879,PT ASAHAN ENERGI MANDIRI,Medan,Kab. Asahan/MOR 2
1014422,PT BUMI RAYA BERSAMA,Medan,Kab. Asahan
811737,PT ANUGERAH TETAP JAYA,Medan,Kota Tanjung Balai
888482,PT SELINA JAYA SEMPURNA           ,Medan,Kota Tanjung Balai
823003,PT MAS GAS NUSANTARA,Medan,Kota Tanjung Balai
888472,PT SUKSES TEGUH GEMILANG          ,Medan,Kota Tanjung Balai
1014870,PT LINTAS OMBAK ENERGI,Medan,Kota Tanjung Balai/MOR 2
1017452,PT KURNIA ANUGERAH SUBUR,Medan,Kota Tanjung Balai
888461,PT ASAHAN JAYA MULIA,Medan,Kab. Batubara
888622,PT SEJAHTERA GAS MULIA MANDIRI,Medan,Kab. Batubara
823928,PT KUMALA GASINDO LESTARI,Medan,Kab. Batubara
889217,PT CITRA KARUNIA GAS MANDIRI,Medan,Kab. Batubara
811744,PT GAS MUSTIKA INDRA ,Medan,Kab. Batubara
804254,PT DEJA MANDIRI SEJATI,Medan,Kab. Batubara
812560,PT GAS ISTANA LARAS,Medan,Kab. Batubara
862591,PT INTAN MUTIARA ABADI,Medan,Kab. Batubara
880666,PT GAS BASILAM INDAH,Medan,Kab. Batubara
987370,PT CITRA GAS NUSANTARA,Medan,Kab. Batubara
1070524,PT BATUBARA SETIA ENERGI,Medan,Kab. Batubara
888583,PT REBAK TROLIH LESTARI,Medan,Kab. Pakpak Barat
1008606,PT RAIH PRESTASI MANDIRI,Medan,Kab. Pakpak Barat
889251,PT POLTEN SINAR AGATHA,Medan,Kab. Samosir
888638,PT SAMOSIR ANUGERAH INDOGAS,Medan,Kab. Samosir
1070176,PT SAMOSIR MANDIRI ENERGI,Medan,Kab. Samosir
732040,KOPERASI SAMUDERA INDAH,Sibolga,Kab. Tapanuli Utara
841572,PT BRANDLI FAMILINDO,Sibolga,Kab. Tapanuli Utara
892635,PT TINORMA,Sibolga,Kab. Tapanuli Utara
947312,PT LINDUNG JAYA GASINDO,Sibolga,Kab. Tapanuli Utara
953535,PT LUMBAN PINASA SEJAHTERA,Sibolga,Kab. Tapanuli Utara
960584,PT TAPANULI JAYA GAS,Sibolga,Kab. Tapanuli Utara
1016842,PT KARYA RELASI SEJAHTERA,Sibolga,Kab. Tapanuli Utara
1082236,PT DEAN WILMAR SILALAHI,Sibolga,Kab. Tapanuli Utara
889271,PT SURYA SUKMA SEBASTIAN,Sibolga,Kab. Tapanuli Tengah
888572,PT NAULI SADDHANA PRATAMA         ,Sibolga,Kab. Tapanuli Tengah
888535,PT PARBUE NAULI GASINDO           ,Sibolga,Kab. Tapanuli Tengah
928841,PT PAPAN TENGGI LAUTAN REZEKI,Sibolga,Kab. Tapanuli Tengah
945462,PT TAPTENG JAYA SIMALEM,Sibolga,Kab. Tapanuli Tengah
952022,PT BINTANG NATIO SORKAM,Sibolga,Kab. Tapanuli Tengah
888480,PT JUWILLY JAYA GASINDO           ,Sibolga,Kota Sibolga
915010,PT SIBOLGA ENERGI MINAPOLITAN,Sibolga,Kota Sibolga
976860,PT SIBOLGA NAULI ENERGI,Sibolga,Kota Sibolga
888639,PT JAGUAS HUTA PRATAMA,Sibolga,Kab. Toba Samosir
888641,PT TOBA ANUGERAH INDOGAS,Sibolga,Kab. Toba Samosir
888611,PT PANTAS TOBA ENERGI,Sibolga,Kab. Toba Samosir
1078792,PT PARLINGGOMAN SEJAHTERA ABADI,Sibolga,Kab. Toba Samosir
888584,PT TOGA SIMAMORA JAYA,Sibolga,Kab. Toba Samosir
1017421,PT REJEKI RENO GEMILANG,Sibolga,Kab. Toba Samosir
1072255,PT TOBA MAKMUR BERSAMA,Sibolga,Kab. Toba Samosir
888636,PT JEP PUTERA GASINDO             ,Sibolga,Kab. Labuhan Batu Utara
809774,PT FAJAR GASINDO,Sibolga,Kab. Labuhan Batu Utara
888573,PT ENERGI AMAL MULIA PERSADA      ,Sibolga,Kab. Labuhan Batu Utara
862940,PT PRAPAT JAYA PARULIAN,Sibolga,Kab. Labuhan Batu Utara
866911,PT NAMARITO MAJU BERSAMA,Sibolga,Kab. Labuhan Batu Utara
888570,PT FAJAR RIA DAMAI                ,Sibolga,Kab. Labuhan Batu Utara
813232,PT MAKMUR BERKAT JAYA MAS,Sibolga,Kab. Labuhan Batu Utara
888487,PT SUKSES TIGA SERANGKAI          ,Sibolga,Kab. Labuhan Batu Utara
948086,PT ENERGI ANDALAN BERKAH    ,Sibolga,Kab. Labuhan Batu Utara
739095,PT DUTA RANTAU SELATAN,Sibolga,Kab. Labuhan Batu
929070,PT KARYA INDOGAS PERKASA,Sibolga,Kab. Labuhan Batu
737543,PT RANTAU WIJAYA SUKSES,Sibolga,Kab. Labuhan Batu
799378,PT DWI PUTRA BINA MAKMUR,Sibolga,Kab. Labuhan Batu
888571,PT SURTANI JAYA ABADI             ,Sibolga,Kab. Labuhan Batu
888270,PT SUKHA SUBUR SUKSES,Sibolga,Kab. Labuhan Batu
939375,PT JAS TERUS BERJAYA,Sibolga,Kab. Labuhan Batu
940637,PT LAUTAN BERLIAN SAMUDERA   ,Sibolga,Kab. Labuhan Batu
949282,PT BILAH BARAT GASINDO,Sibolga,Kab. Labuhan Batu
995642,PT RANTAU PUTRA ENERGI,Sibolga,Kab. Labuhan Batu
962351,PT BERKAH SHAKIRA JAYA,Sibolga,Kab. Labuhan Batu Selatan
739239,PT CAHAYA LABUHAN JAYA,Sibolga,Kab. Labuhan Batu Selatan
940503,PT PINANG RAYA GAS,Sibolga,Kab. Labuhan Batu Selatan
851738,PT ASAM JAWA GASINDO,Sibolga,Kab. Labuhan Batu Selatan
949315,PT LANGGA PAYUNG GASSUM,Sibolga,Kab. Labuhan Batu Selatan
958041,PT RINGO DAPOT PERDANA,Sibolga,Kab. Labuhan Batu Selatan
995637,PT SAMUDERA SETIA ENERGI,Sibolga,Kab. Labuhan Batu Selatan
1024803,PT RELASI TUNAS MANDIRI,Sibolga,Kab. Labuhan Batu Selatan
888476,PT CAHYA MAS KITA ,Sibolga,Kab. Padang Lawas Utara
888484,PT TIGA NUGRAHA SATYA             ,Sibolga,Kab. Padang Lawas Utara
955883,PT PUTRA PALUTA JAYA,Sibolga,Kab. Padang Lawas Utara
888486,PT SAWIRASS MUDA ABADI            ,Sibolga,Kab. Tapanuli Selatan
888477,PT KARYA PERMATA GASINDO          ,Sibolga,Kab. Tapanuli Selatan
782019,PT CAHAYA TAPANULI SEJAHTERA,Sibolga,Kab. Tapanuli Selatan
883474,PT SONDANG TIURMA JAYA,Sibolga,Kab. Tapanuli Selatan
888485,PT AZKA MANDIRI SEJATI BERJAYA    ,Sibolga,Kab. Tapanuli Selatan
888479,PT KARIM BERSAUDARA GAS           ,Sibolga,Kota Padang Sidempuan
888474,PT ANGKOLA JAYA PERKASA           ,Sibolga,Kota Padang Sidempuan
888488,PT AMORA DERAS GAS                ,Sibolga,Kota Padang Sidempuan
733067,PT PANCA HAMMAR LESTARI,Sibolga,Kab. Mandailing Natal
888481,PT SINAR HABIBAH GAS              ,Sibolga,Kab. Mandailing Natal
937066,PT MADINA GAS LESTARI,Sibolga,Kab. Mandailing Natal
964380,KOPERASI MITRA MANINDO,Sibolga,Kab. Mandailing Natal
991803,PT INDO MIGAS MANDIRI,Sibolga,Kab. Mandailing Natal
1081360,PT BINTANG SURIA KENCANA,Sibolga,Kab. Mandailing Natal
888470,PT KURNIA HARTA GASINDO           ,Sibolga,Kab. Padang Lawas
888489,PT ENERGI RAHMAT SEJAHTERA,Sibolga,Kab. Padang Lawas
945590,PT GUNUNG MAS KITA,Sibolga,Kab. Padang Lawas
937762,PT TIARYASA ABADI PERKASA GEMILANG,Sibolga,Kota Gunung Sitoli
912901,PT NIAS KEROSINDO JAYA,Sibolga,Kota Gunung Sitoli
997084,PT NIAS ANUGRAH BERKAH,Sibolga,Kota Gunung Sitoli
962278,PT SINAR NIAS GEMILANG,Sibolga,Kab. Nias
960474,PT HASIAN ANUGERAH JAYA,Sibolga,Kab. Nias
961221,PT BERKAH NIAS GEMILANG,Sibolga,Kab. Nias Utara
962269,PT LANGIT PUTRA GANDA GEMILANG,Sibolga,Kab. Nias Barat
962040,PT NIAS BARAT ANUGERAH,Sibolga,Kab. Nias Barat
961687,PT SAMUDRA HINDIA GEMILANG,Sibolga,Kab. Nias Selatan
750876,PT MITRA NISEL,Sibolga,Kab. Nias Selatan
739907,PT PARBUE BADIAMA LESTARI,Sibolga,Kab. Humb. Hasundutan
888478,PT GOPAS MASA JAYA GASINDO        ,Sibolga,Kab. Humb. Hasundutan
987721,PT KARYA KERAHIMAN KEKAL,Sibolga,Kab. Humb. Hasundutan
991918,PT TIMBUL SHEENA PATI,Sibolga,Kab. Humb. Hasundutan
732348,PT AHUL JAYA,Sumbar,Kab. Agam
733358,PT INDOMULTI SARANA ABADI,Sumbar,Kab. Agam
747881,PT MITRA AGAM KEROSINDO,Sumbar,Kab. Agam
820715,PT YULIUS AGUNG PERDANA,Sumbar,Kab. Agam
877956,PT JAYA ANDALAS PERSADA,Sumbar,Kab. Agam
888492,PT SYAFRIAL GASINDO SEJATI,Sumbar,Kab. Agam
888500,PT YASA PUTRA UTAMALPG,Sumbar,Kab. Agam
888508,PT VIDEKYA AGAM UTAMA,Sumbar,Kab. Agam
888624,PT PARAMBANGAN GASINDO JAYA,Sumbar,Kab. Agam
890885,PT AMITA BUAGA ENERGY UTAMA,Sumbar,Kab. Agam
904726,PT NUANSA NGARAI SIANOK,Sumbar,Kab. Agam
945384,PT NADYA ENERGI SEJAHTERA,Sumbar,Kab. Agam
987731,PT IZZA RAYA GASINDO,Sumbar,Kab. Agam
1074474,PT BUNDA ENERGI PERSADA,Sumbar,Kab. Agam
733647,PT ARDHI PUTRA FADHOLI,Sumbar,Kab. Dharmas Raya
795785,PT REVPIYALDI PRIMA,Sumbar,Kab. Dharmas Raya
881804,PT GHASYEELA BUMI DHARMASRAYA,Sumbar,Kab. Dharmas Raya
888502,PT TEGAR PRATAMA DARWIS,Sumbar,Kab. Dharmas Raya
888505,PT BERINGIN MITRA SEJATI,Sumbar,Kab. Dharmas Raya
946451,PT TRIFAY DAMRIZAL MANDIRI,Sumbar,Kab. Dharmas Raya
986165,PT ASASTA ALINIA ENERGY,Sumbar,Kab. Dharmas Raya
843937,PT TRIFA JAYA,Sumbar,Kab. Lima Puluh Kota
880538,PT CAKRAWALA KELOK SEMBILAN,Sumbar,Kab. Lima Puluh Kota
888506,PT MITRA PRAKARSA PADISRA,Sumbar,Kab. Lima Puluh Kota
888510,PT RADITYA PUTU WIJAYA,Sumbar,Kab. Lima Puluh Kota
933807,PT SURYA ANDALAS PERSADA,Sumbar,Kab. Lima Puluh Kota
951590,PT AIR PUTIH BINA MANDIRI,Sumbar,Kab. Lima Puluh Kota
765645,PT SATRIAGASINDO PERKASA,Sumbar,Kab. Padang Pariaman
888503,PT AJEES EMHADE JAYA,Sumbar,Kab. Padang Pariaman
888511,PT SINAR ANDALAS GASINDO,Sumbar,Kab. Padang Pariaman
888512,PT DESVI TAMA MANDIRI,Sumbar,Kab. Padang Pariaman
889163,PT RATU RISANDA GASINDO,Sumbar,Kab. Padang Pariaman
937963,PT MULTI INDIGUNA PERSADA,Sumbar,Kab. Padang Pariaman
940816,PT PARIANGAN JAYA ENERGI,Sumbar,Kab. Padang Pariaman
943499,PT REZQI JAYA UTAMA,Sumbar,Kab. Padang Pariaman
969574,PT GASIDAMA SUMBER ENERGI,Sumbar,Kab. Padang Pariaman
1016910,PT FADIL SETIA MANDIRI,Sumbar,Kab. Padang Pariaman
780642,PT SILVIA DHARMA MANDIRI,Sumbar,Kab. Pasaman
888501,PT PINCURAN SEMBILAN SEMBILAN,Sumbar,Kab. Pasaman
904729,PT REKADAYA BANGUN NAGARI,Sumbar,Kab. Pasaman
981532,PT WIRDA ENERGI MANDIRI,Sumbar,Kab. Pasaman
991035,PT SALINGKA TALAWI UTARA,Sumbar,Kab. Pasaman
1074500,PT ENTO JAYA MANDIRI,Sumbar,Kab. Pasaman
1077070,PT PINCURAN SIGADIANG GASINDO,Sumbar,Kab. Pasaman
1080798,PT KAKAK ADEK SEJAHTERA,Sumbar,Kab. Pasaman
733151,PT MUSTIKA JAYA ABADI,Sumbar,Kab. Pasaman Barat
733645,PT PUTRA PEMBINA UTAMA,Sumbar,Kab. Pasaman Barat
749091,PT BUMI GADING PERKASA,Sumbar,Kab. Pasaman Barat
749107,PT WARISBAMA EMESTE,Sumbar,Kab. Pasaman Barat
765562,PT SATRIA MANDIRI SUKSES,Sumbar,Kab. Pasaman Barat
888491,PT MITA CAHAYA KEROSINDO,Sumbar,Kab. Pasaman Barat
904772,PT ASWANA ANDALAS RAHARJA,Sumbar,Kab. Pasaman Barat
1073876,PT PATRA TUAH ENERGI,Sumbar,Kab. Pasaman Barat
1074472,PT ANTOKAN RAYA ARLINA,Sumbar,Kab. Pasaman Barat
1074473,PT ANTOKAN RAYA AMALIA,Sumbar,Kab. Pasaman Barat
741172,PT ADEK GUSMAN SEJAHTERA,Sumbar,Kab. Pesisir Selatan
756790,PT TEGUH GUNA SEJAHTERA,Sumbar,Kab. Pesisir Selatan
774191,PT UJANG KENCANA,Sumbar,Kab. Pesisir Selatan
888496,PT NITA KASTARA ENERGI,Sumbar,Kab. Pesisir Selatan
888497,PT NADIRA SITKA SIKUMBANG,Sumbar,Kab. Pesisir Selatan
888498,PT RAQONI GASINDO PRATAMA,Sumbar,Kab. Pesisir Selatan
888504,PT GOLDEN NUSA PRIMA,Sumbar,Kab. Pesisir Selatan
933973,PT ENERGI INDO PARA,Sumbar,Kab. Pesisir Selatan
995248,PT GHIFARY PUTRA KAMPAI,Sumbar,Kab. Pesisir Selatan
746482,PT ABADI BERLIAN SUKSES,Sumbar,Kab. Sijunjung
784468,PT SUMBER ALAM ANDALAS,Sumbar,Kab. Sijunjung
888607,PT MUTIARA TIMUR MANDIRI,Sumbar,Kab. Sijunjung
888608,PT MURAMA JAYA SAKTI SAUDARA,Sumbar,Kab. Sijunjung
732929,PT INTI ALAM ABADI,Sumbar,Kab. Sijunjung
989102,PT ABIYYU PUTRA GASINDO,Sumbar,Kab. Sijunjung
990966,PT LINTAS PALIKO GEMILANG,Sumbar,Kab. Sijunjung
1019309,PT BINTANG MAYANG TAURAI,Sumbar,Kab. Sijunjung
749102,PT DARUSSALAM,Sumbar,Kab. Solok
784475,PT SUMBER GUNA ALAM,Sumbar,Kab. Solok
888493,PT LOKOMOTIV UTAMA MANDIRI,Sumbar,Kab. Solok
895194,PT CAHAYA BINTANG FRIDONA,Sumbar,Kab. Solok
910835,PT TABEK PAMPUAH GAS,Sumbar,Kab. Solok
945558,PT ENERGI KENTJANA ALAM ANDALAS,Sumbar,Kab. Solok
984520,PT HKR KURNIA INTI GAS,Sumbar,Kab. Solok
958684,PT KAMILA BINTANG ENERGI,Sumbar,Kab. Solok
1019722,PT PESONA DANAU SINGKARAK,Sumbar,Kab. Solok
1024770,PT DAERI BINTANG MANDIRI,Sumbar,Kab. Solok
1072714,PT MERIALL PUTRA PERSADA,Sumbar,Kab. Solok
741173,PT BINTANGUR SELATAN,Sumbar,Kab. Solok Selatan
893018,PT CENTRAMAS SARANA SUKSES,Sumbar,Kab. Solok Selatan
1024752,PT CAHAYA NUZA ABADI,Sumbar,Kab. Solok Selatan
1078871,PT BUKIT ENERGI ABADI,Sumbar,Kab. Solok Selatan
732506,PT TOSIAN ASRA PRIMA,Sumbar,Kab. Tanah Datar
878194,PT MAJU SEHATI SEJAHTERA,Sumbar,Kab. Tanah Datar
888490,PT SARANA MITA MIGAS UTAMA,Sumbar,Kab. Tanah Datar
888616,PT MITRA TAMA ENERGI,Sumbar,Kab. Tanah Datar
890886,PT KARYA MADANI,Sumbar,Kab. Tanah Datar
984510,PT CAHAYA BINTANG ENAM,Sumbar,Kab. Tanah Datar
1070232,PT DANANJAYA MAKMUR SENTOSA,Sumbar,Kab. Tanah Datar
888495,PT DOREVHAT UBERS IBU,Sumbar,Kota Bukit Tinggi
904776,PT ASKARA TRI ARGA,Sumbar,Kota Bukit Tinggi
1071167,PT SEMOGA ASLAM TERKAWAL,Sumbar,Kota Bukit Tinggi
1073875,PT CANGKOLA BERSAMA MANDIRI,Sumbar,Kota Bukit Tinggi
730936,KOPERASI PUSKOPPAD DAM I BB TNI-AD,Sumbar,Kota Padang
732560,PT ENZA PUTRA PRATAMA,Sumbar,Kota Padang
732759,PT SHINTA PERTAMA MANDIRI,Sumbar,Kota Padang
733157,PT SONARIN LERANG,Sumbar,Kota Padang
733643,PT SALSABEEL,Sumbar,Kota Padang
741171,PT CIPTA BUMI PERTIWI,Sumbar,Kota Padang
741174,PT BINTANG BINTANGUR,Sumbar,Kota Padang
746983,PT ARTARAMA SURYA,Sumbar,Kota Padang
749108,PT KARYA UTAMA SEJATI,Sumbar,Kota Padang
753370,PT LIMA SAUDARA MANDIRI,Sumbar,Kota Padang
754281,PT JAYA GEMILANG SENTOSA,Sumbar,Kota Padang
774851,PT MUSTIKA BUMI AYU,Sumbar,Kota Padang
780753,PT KURNIA MINANG BAHAGIA,Sumbar,Kota Padang
785580,PT FIRMAN PUTRA INTI,Sumbar,Kota Padang
785617,PT AMANDA AULIA SEJAHTERA,Sumbar,Kota Padang
835883,PT IB SUMBERDAYA DEVELOPMENT,Sumbar,Kota Padang
858464,PT LUNAR ENERGI SEMESTA,Sumbar,Kota Padang
888507,PT BELLVANIA MITRA ABADI,Sumbar,Kota Padang
888605,PT HAZMA HASAN PRIMA,Sumbar,Kota Padang
888614,PT INDAH MURNI PILIANG,Sumbar,Kota Padang
888615,PT WOWO PRIMAKARSA GAS,Sumbar,Kota Padang
889174,PT BUNDA RESTU GASINDO,Sumbar,Kota Padang
890358,PT ARDITER ENERGY SEJAHTERA,Sumbar,Kota Padang
892701,PT ABADI JAYA MANDIRI,Sumbar,Kota Padang
942679,PT KODEYU SERUMPUN SYARDI,Sumbar,Kota Padang
967938,PT NAGA MAS GLOBAL,Sumbar,Kota Padang
986373,PT RAGAYU JAGAT PERSADA,Sumbar,Kota Padang
989204,PT BERKAH INTI ALAM,Sumbar,Kota Padang
1014478,PT RODA ENERGI PRIMA,Sumbar,Kota Padang
1016887,PT ANADA PATRA MANDIRI,Sumbar,Kota Padang
1025416,PT MEGA ASRI ENERGI,Sumbar,Kota Padang
1070233,PT ATHARI CIPTA PERSADA,Sumbar,Kota Padang
888509,PT ANGGARAKSA PUTERA WIJAYA,Sumbar,Kota Padang Panjang
889263,PT MUDATARUNA ENERGI GASINDO,Sumbar,Kota Padang Panjang
1080799,PT SUMATERA ENERGI ABADI,Sumbar,Kota Padang Panjang
732078,PT PARISA ASTAPRIMA,Sumbar,Kota Pariaman
749055,PT CAHAYA ANUGRAH BERSAMA,Sumbar,Kota Pariaman
733597,PT WARGA,Sumbar,Kota Payakumbuh
880986,PT KELOK SEMBILAN GEMILANG,Sumbar,Kota Payakumbuh
888494,PT HBN BAHTERA NIRWANA,Sumbar,Kota Payakumbuh
888499,PT DENABILA GASINDO SEJAHTERA,Sumbar,Kota Payakumbuh
924214,PT CAHAYA ALFA GRUP,Sumbar,Kota Payakumbuh
954957,PT ABINAYA SUKMA PERSADA,Sumbar,Kota Payakumbuh
888606,PT MITRA AGUNG TAMA ABADI,Sumbar,Kota Sawah Lunto
937441,PT CAHAYA ENERGI BUMI ANDALAS,Sumbar,Kota Sawah Lunto
962369,PT BERKAH FERIZA SUKSES,Sumbar,Kota Sawah Lunto
888513,PT SINAR BATANG LEMBANG,Sumbar,Kota Solok
903423,PT FAJAR ALAM MANDIRI,Sumbar,Kota Solok
889357,PT DARA JINGGA MANDIRI PERKASA,Riau,Kab. Bengkalis
732036,PT BUMI NATURA LESTARI,Riau,Kab. Bengkalis
793533,PT CAHAYA AGUNG PERSADA,Riau,Kab. Bengkalis
731957,PT INDONAS SIAK KARYA SEJAHTERA,Riau,Kab. Bengkalis
811931,PT KANUGRAH SEHATI,Riau,Kab. Bengkalis
823894,PT RIAU PRAKARSA SEJAHTERA,Riau,Kab. Bengkalis
965820,PT SYAFWANDY PUSAKA,Riau,Kab. Bengkalis
793503,PT WAHANA ADIDAYA PRIMA,Riau,Kab. Bengkalis
934001,PT WIJAYA ANGKASA PERMAI,Riau,Kab. Bengkalis
995647,PT SURYA DUNIA GEMILANG,Riau,Kab. Bengkalis
996344,PT GOFI JAYA AMANAH,Riau,Kab. Bengkalis
1070124,PT LINTAS ENERGI PERKASA ,Riau,Kab. Bengkalis
785573,PT. SYAFWANDY PUSAKA,Riau,Kab. Bengkalis
804581,PT ADI PUTRA INDRAGIRI,Riau,Kab. Indragiri Hilir
933810,PT ATIKA GASINDO INDRAGIRI,Riau,Kab. Indragiri Hilir
808773,PT BIMAS SATRIA NUSANTARA,Riau,Kab. Indragiri Hilir
795416,PT BUBUHAN BERSAMA,Riau,Kab. Indragiri Hilir
737843,PT HELDY CITRA INHIL,Riau,Kab. Indragiri Hilir
739915,PT PUTRA SOPIA,Riau,Kab. Indragiri Hilir
914342,PT RIAU MELAYU MAKMUR,Riau,Kab. Indragiri Hilir
957883,PT BERKAH NAZEWA MANDIRI,Riau,Kab. Indragiri Hilir
957530,PT ADITYA PERKASA GEMILANG,Riau,Kab. Indragiri Hilir
959543,PT SAHABAT SEHATI INHIL,Riau,Kab. Indragiri Hilir
960676,PT GAS ANDALAN SEJATI,Riau,Kab. Indragiri Hilir
963896,PT GAS ASIH JAYA,Riau,Kab. Indragiri Hilir
987362,PT ESA MUDA GEMILANG,Riau,Kab. Indragiri Hilir
989174,PT AGATHA SEJAHTERA SELALU,Riau,Kab. Indragiri Hilir
991909,PT SIMBAR NABIL PERKASA,Riau,Kab. Indragiri Hilir
996348,PT INDO GAS MULIA,Riau,Kab. Indragiri Hilir
996116,PT RAJA BERKAH UTARA,Riau,Kab. Indragiri Hilir
1008593,PT KURNIA SAMUDERA RIAU,Riau,Kab. Indragiri Hilir
1017198,PT. BARKAT RIDHO SEJAHTERA,Riau,Kab. Indragiri Hilir
1025406,PT CAHAYA PANUTAN SEJAHTERA ,Riau,Kab. Indragiri Hilir
1070308,PT RUMBAI ENERGI SEJAHTERA,Riau,Kab. Indragiri Hilir
1070116,PT TUNTAS INHIL PERSADA,Riau,Kab. Indragiri Hilir/Kab. Rokan Hulu
1070144,PT PELANGIRAN SETIA MANDIRI,Riau,Kab. Indragiri Hilir
1070153,PT INHIL SAMUDRA ENERGI PERKASA,Riau,Kab. Indragiri Hilir
889355,PT BELILAS PERMAI INDRAGIRI,Riau,Kab. Indragiri Hulu
934417,PT PRIMA NUGRAHA INDRAGIRI,Riau,Kab. Indragiri Hulu
809921,PT CITRA CAHAYA GASINDO,Riau,Kab. Indragiri Hulu
803243,PT SALAM ASAGAS UTAMA,Riau,Kab. Indragiri Hulu
871823,PT TANDANO ALAM JAYA,Riau,Kab. Indragiri Hulu
829580,PT BHARTI NOORGRAHA SEJATI,Riau,Kab. Indragiri Hulu
958626,PT GASINDO SUKSES SEJAHTERA,Riau,Kab. Indragiri Hulu
991898,PT AREPAS MAKMUR PERSADA,Riau,Kab. Indragiri Hulu
1016242,PT GARUDA AGUNG SENTOSA,Riau,Kab. Indragiri Hulu
1015141,PT ENZA RIAU PRATAMA,Riau,Kab. Indragiri Hulu
1019712,PT INHU ENERGI NUSANTARA,Riau,Kab. Indragiri Hulu
1070132,PT PERANAP JAYA MANDIRI,Riau,Kab. Indragiri Hulu
1070156,PT ENERGI SEJATI SETIA PERKASA,Riau,Kab. Indragiri Hulu
889367,PT PUTRA DEWALA MANDIRI BERSAMA,Riau,Kab. Kampar
785672,PT BINA MANDIRI UTAMA,Riau,Kab. Kampar
793549,PT KHODIJAH BERSAUDARA,Riau,Kab. Kampar
786278,PT PAPADAAN PERDANA,Riau,Kab. Kampar
737502,PT PUTRA INDRAPURI SEJAHTERA,Riau,Kab. Kampar
937221,PT INDRAPURI MUDA JAYA,Riau,Kab. Kampar
739626,PT TIRTA KAMPARI SEJATI,Riau,Kab. Kampar
822198,PT TUAH EMZA MANDIRI,Riau,Kab. Kampar
733552,PT UMI MANDIRI,Riau,Kab. Kampar
733212,PT ZULIKA WIRANA JAYA,Riau,Kab. Kampar
902176,PT EXEL NANDIATI,Riau,Kab. Kampar
943103,PT SINAR KAMPAR SEJAHTERA,Riau,Kab. Kampar
950583,PT TAPIAN DANAU MANINJAU,Riau,Kab. Kampar
960704,PT BAHIRA DUNIA JAYA,Riau,Kab. Kampar
962655,PT KAMPAR GASINDO PRATAMA,Riau,Kab. Kampar
964846,PT BINTANG ARIRA PERKASA,Riau,Kab. Kampar
977385,PT ARNO GLOBAL PRIMA,Riau,Kab. Kampar
981825,PT GARUDA AGUNG SEJAHTERA,Riau,Kab. Kampar
1017943,PT PASIR PUTIH NUSANTARA ENERGY,Riau,Kab. Kampar
1023737,PT ORANGE GLOBAL PRIMA,Riau,Kab. Kampar
1023409,PT KIBAR JAYA SENTOSA,Riau,Kab. Kampar
1070096,PT RIAU SAMUDRA ENERGI PERKASA,Riau,Kab. Kampar
1070101,PT TEKNIK RESTORASI ENERGI  ,Riau,Kab. Kampar
1070106,PT RESTORASI GLOBAL ENERGI  ,Riau,Kab. Kampar
1070111,PT KAMPAR SETIA ENERGI  ,Riau,Kab. Kampar
809919,PT BAHTERA SYAMGUNA ABADI,Riau,Kab. Kuantan Singingi
737534,PT DIAN BARU,Riau,Kab. Kuantan Singingi
821504,PT VALERY FAMILI MANDIRI,Riau,Kab. Kuantan Singingi
910470,PT LAKSAMANA CAHAYA ANDALAS,Riau,Kab. Kuantan Singingi
948090,PT ZAM-ZAM INTAN PERMATA,Riau,Kab. Kuantan Singingi
1022289,PT AWARA GAS INDO,Riau,Kab. Kuantan Singingi
1027164,PT TRANS ENERGI BERTUAH,Riau,Kab. Kuantan Singingi
1070142,PT KUANTAN SAMUDRA ENERGI PERKASA,Riau,Kab. Kuantan Singingi
1070161,PT PUTRA KUANTAN ENERGI,Riau,Kab. Kuantan Singingi
893336,PT SINERGI SEHATI SAMPURNA,Riau,Kab. Meranti
889373,PT MERANTI SOPIA JAYA MANDIRI,Riau,Kab. Meranti
889380,PT PERMINA JASA MERANTI,Riau,Kab. Meranti
917004,PT MUTIARA RISKI,Riau,Kab. Meranti
889384,PT LISFA INTI SELARAS SEJAHTERA,Riau,Kab. Pelalawan
736979,PT ABDI RAHMANA,Riau,Kab. Pelalawan
737544,PT SEMAR BADRANAYA,Riau,Kab. Pelalawan
739631,PT TIRTA PELALAWAN BESTARI,Riau,Kab. Pelalawan
929200,PT KARYA PUTRA KELANA,Riau,Kab. Pelalawan
952262,PT BANDAR SUNGAI SENTOSA,Riau,Kab. Pelalawan
968613,PT SAIYO TIGA BERSAUDARA,Riau,Kab. Pelalawan
986137,PT VINATA SUKSES MANDIRI,Riau,Kab. Pelalawan
1070088,PT PELALAWAN MANDIRI SEJAHTERA ENERGI,Riau,Kab. Pelalawan/Kab. Bengkalis
1070158,PT BONO GELOMBANG SAMUDRA MANDIRI ,Riau,Kab. Pelalawan
1070164,PT RESTORASI ENERGI SUMATRA,Riau,Kab. Pelalawan
1071455,PT LANCAR REJEKI LISTRINDO,Riau,Kab. Pelalawan
737533,PT DARA JINGGA,Riau,Kab. Rokan Hilir
819639,PT MAJU JAYA SENTOSA PERSADA,Riau,Kab. Rokan Hilir
937448,PT MAJU JAYA PRAKARSA GEMILANG,Riau,Kab. Rokan Hilir
737842,PT MITHA MITRA JAYA,Riau,Kab. Rokan Hilir
732351,PT MUARA ROKAN,Riau,Kab. Rokan Hilir
786279,PT PERMITA ABADI RIAU,Riau,Kab. Rokan Hilir
801005,PT ZULVANIA DINDA,Riau,Kab. Rokan Hilir
921683,PT RIPO ADI JAYA ,Riau,Kab. Rokan Hilir
898416,PT LANGGAM MUARA SEJATI,Riau,Kab. Rokan Hilir
946855,PT ROKAN INDAH KARYA,Riau,Kab. Rokan Hilir
960624,PT TUNAS RIAU HARMONI,Riau,Kab. Rokan Hilir
995848,PT BUMI ENERGI GEMILANG,Riau,Kab. Rokan Hilir
800518,PT RADESTA JAYA PERKASA,Riau,Kab. Rokan Hilir
1009171,PT HUSSEIN ENERGI PERSADA,Riau,Kab. Rokan Hilir
1070119,PT AMANAH SETIA ENERGI,Riau,Kab. Indragiri Hilir/Kab. Rokan Hulu
889386,PT MINYAKINDO SEJATI,Riau,Kab. Rokan Hulu
795787,PT ALDI JAYA,Riau,Kab. Rokan Hulu
851942,PT BUCHARI ROHUL,Riau,Kab. Rokan Hulu
739090,PT ENDAH TIRTA FEMINA,Riau,Kab. Rokan Hulu
862602,PT KANCA KELUARGA,Riau,Kab. Rokan Hulu
733499,PT MITRA PRIMA ADIDAYA,Riau,Kab. Rokan Hulu
739084,"PT RAINAH, HJ",Riau,Kab. Rokan Hulu
937030,PT SAGO JAYA PERKASA,Riau,Kab. Rokan Hulu
952260,PT BENGKALIS SENTOSA JAYA,Riau,Kab. Rokan Hulu
953064,PT CAHAYA REZEKI BERTUAH,Riau,Kab. Rokan Hulu
955504,PT PUTRA RAZTY PERMATA MANDIRI,Riau,Kab. Rokan Hulu
986161,PT PRAKARSA PANCARAN NUSANTARA,Riau,Kab. Rokan Hulu
1009662,PT SYAFII LUBIS BERTUAH,Riau,Kab. Rokan Hulu
1070147,PT FATRA SATRIA KENCANA,Riau,Kab. Rokan Hulu
1070150,PT KOKO ROHUL ENERGI,Riau,Kab. Rokan Hulu
785582,PT MITRA PERMINA PERSADA,Riau,Kab. Siak
793531,PT MULIA MANDIRI UTAMA,Riau,Kab. Siak
737535,PT PERMINA JAYA MANDIRI,Riau,Kab. Siak
737542,PT PUTRA HASMAR RIAU,Riau,Kab. Siak
739093,PT PUTRA INDRA PAHLAWAN,Riau,Kab. Siak
739630,PT TIRTA INDONESIA SEJAHTERA,Riau,Kab. Siak
889390,PT INDAH RAYA LESTARI,Riau,Kab. Siak
947331,PT TUALANG DAYA GAS,Riau,Kab. Siak
970166,PT MANDIRI PEKAN JAYA,Riau,Kab. Siak
992056,PT KARYA PUTRA HERMANINDO,Riau,Kab. Siak
1070130,PT SIAK SETIA NAGARI ,Riau,Kab. Siak
733505,PT HARUN BERSAUDARA,Riau,Kota Dumai
903020,PT KREASI GEMILANG LESTARI,Riau,Kota Dumai
732839,PT NASCO DUMAI UTAMA,Riau,Kota Dumai
785670,PT PULY RAFI JAYA (PURAJA),Riau,Kota Dumai
852791,PT ZULKARNAIN YATNI ABADI,Riau,Kota Dumai
2042,PT PERTAMINA RETAIL - DUMAI,Riau,Kota Dumai
1070127,PT RIAU SETIA ENERGI MANDIRI ,Riau,Kota Dumai
731486,KOP PRIMER KOPERASI KARTIKA WIRABI,Riau,Kota Pekanbaru
737483,PT ALAM ANUGERAH SEJAHTERA,Riau,Kota Pekanbaru
739091,"PT BUCHARI, H",Riau,Kota Pekanbaru
808404,PT GARUDA MANDIRI,Riau,Kota Pekanbaru
786277,PT HASANUDDIN BERSAUDARA,Riau,Kota Pekanbaru
733211,PT LISFA INTI SELARAS,Riau,Kota Pekanbaru
802812,PT MELAYU BUMI LESTARI,Riau,Kota Pekanbaru
909576,PT PENINDO PRATAMA,Riau,Kota Pekanbaru
737536,PT PUSAKA INDRAPURI,Riau,Kota Pekanbaru
737838,PT SARI BUMI RAYA,Riau,Kota Pekanbaru
821501,PT SINAR RIAU MANDIRI,Riau,Kota Pekanbaru
739632,PT TIRTA HARAPAN SEJAHTERA,Riau,Kota Pekanbaru
739094,PT VELERY FAMILY SEJAHTERA,Riau,Kota Pekanbaru
928680,PT SURYA GLOBAL MANDIRI,Riau,Kota Pekanbaru
931422,PT BUMI SUMBER RIZQY,Riau,Kota Pekanbaru
936703,PT IDIMAR RIAU MAKMUR,Riau,Kota Pekanbaru
936734,PT PRIKON NUSANTARA ENERGI,Riau,Kota Pekanbaru
945451,PT RONGGO MERBA SEJATI,Riau,Kota Pekanbaru
955888,PT MITRA SINAR TAMA,Riau,Kota Pekanbaru
961540,PT PEKANBARU GASINDO PRATAMA,Riau,Kota Pekanbaru
970178,PT PUSAKA RIAU ABADI,Riau,Kota Pekanbaru
858617,PT PRATAMA BINA PURNA SEJAHTERA,Riau,Kota Pekanbaru
995000,PT INTI GAS RIAU,Riau,Kota Pekanbaru
1020021,PT KIBAR JAYA MANDIRI,Riau,Kota Pekanbaru
1070134,PT PEKAN SETIA ENERGI ,Riau,Kota Pekanbaru
1070166,PT PEKAN GLOBAL ENERGI  ,Riau,Kota Pekanbaru
1071444,PT AULIA INDO MAHAKARYA,Riau,Kota Pekanbaru
937020,PT. RADJA BORAND GASINDO,Riau,Pekanbaru
1082237,PT. LESTARI PERDANA ENERGY,Riau,Pekanbaru
858467,PT BINTAN GAS JAYA SAKTI,Kepri,Kab. Bintan
743862,PT KHARISMA PETRO GEMILANG,Kepri,Kab. Bintan
783429,PT MITRA CIPTA ABADI MULIA,Kepri,Kab. Bintan
1020032,PT. KIBAR JAYA PERKASA,Kepri,Kab. Bintan
798060,PT ADRI JAYA SAKTI,Kepri,Kota Tanjung Pinang
732925,PT BUMI KHARISMA PRATAMA,Kepri,Kota Tanjung Pinang
780558,PT MULIA BINTAN SEJAHTERA,Kepri,Kota Tanjung Pinang
961970,PT TASNIM GERAK PERSADA,Kepri,Kota Tanjung Pinang
967921,PT TRIOGAS KURNIA SEIRING,Kepri,Kota Tanjung Pinang
733589,PT AMARTHA ANUGERAH MANDIRI,Kepri,Kota Batam
940675,PT SUTRA BERKAH UTAMA,Kepri,Kota Batam
821689,PT DHIYA KEROSENE PRATAMA,Kepri,Kota Batam
793555,PT DIAN KEROSENE PRATAMA,Kepri,Kota Batam
781656,PT GANDA MITRA DINAMIS,Kepri,Kota Batam
804523,PT MAKMUR KASIH KARUNIA,Kepri,Kota Batam
805659,PT MITRA CHANDI ABADI,Kepri,Kota Batam
780488,PT MULTI GANDA SENTOSA,Kepri,Kota Batam
802709,PT MULTI SINDO ARIAN,Kepri,Kota Batam
733539,PT PELITA KEROSENE PRATAMA,Kepri,Kota Batam
733543,PT SARANA JAYA NUSA,Kepri,Kota Batam
733545,PT PUTRA JAYA NUSA PERKASA,Kepri,Kota Batam
804475,PT TRI ANANDA PILAR ABADI,Kepri,Kota Batam
934791,PT SINERGI BERKAH ABADI,Kepri,Kota Batam
956356,PT KURNIA SAMUDERA KEPRI,Kepri,Kota Batam
992068,PT KIBAR JAYA GEMILANG,Kepri,Kota Batam
1013397,PT GAS NUSANTARA JAYA,Kepri,Kota Batam
1033440,PT GALILEA LIMA DUA,Kepri,Kota Batam
1070547,PT MARKETING BUMI PATRA,Kepri,Kota Batam
2042,PT PERTAMINA RETAIL - BATAM,Kepri,Kota Batam
733544,PT LESTARI CIPTA PRIMA SAKTI,Kepri,Kab. Karimun
783802,PT BINTANG ABADI SEJAHTERA,Kepri,Kab. Karimun
946877,PT CIPTA NUSA INDONESIA,Kepri,Kab. Karimun
774842,PT PETROMAS JAYA ABADI,Kepri,Kab. Karimun
947492,PT PRIMA JAYA SUKSES,Kepri,Kab. Karimun
1082372,PT PRIMA GUNA UTAMA,Riau,Kota Pekanbaru
